id,first_name,last_name,email
1,Jasun,Beddon,jbeddon0@who.int
2,Palm,MacElane,pmacelane1@nytimes.com
3,Adi,Mortimer,amortimer2@irs.gov
4,Timmy,Tremlett,ttremlett3@wufoo.com
5,Goldy,Quarless,gquarless4@homestead.com
6,Gilberta,Godridge,ggodridge5@nba.com
7,Mikol,Moralee,mmoralee6@mediafire.com
8,Bram,Starsmeare,bstarsmeare7@drupal.org
9,Terri,Gaffer,tgaffer8@irs.gov
10,Papagena,Spinige,pspinige9@over-blog.com
11,Babbie,Lanfranchi,blanfranchia@nature.com
12,Phillipe,Wrenn,pwrennb@blogtalkradio.com
13,Adriane,Broadfield,abroadfieldc@ibm.com
14,Rakel,Comini,rcominid@alibaba.com
15,Rebecka,Bruford,rbruforde@nbcnews.com
16,Vere,Michal,vmichalf@joomla.org
17,Susette,Acreman,sacremang@umn.edu
18,Somerset,Ivory,sivoryh@alexa.com
19,Helga,Bonnett,hbonnetti@google.ca
20,Letisha,Allder,lallderj@comsenz.com
21,Heather,Wasbrough,hwasbroughk@usatoday.com
22,Stevie,Salzen,ssalzenl@shinystat.com
23,Marina,Gunderson,mgundersonm@oakley.com
24,Claribel,Tremberth,ctremberthn@delicious.com
25,Daphene,Spavins,dspavinso@i2i.jp
26,Claus,Ronan,cronanp@nasa.gov
27,Lucina,Meysham,lmeyshamq@sbwire.com
28,Dion,Gonnely,dgonnelyr@woothemes.com
29,Roosevelt,McCaskill,rmccaskills@washington.edu
30,Gelya,Ballantyne,gballantynet@purevolume.com
31,Bernarr,Evenden,bevendenu@cargocollective.com
32,Ram,Lumox,rlumoxv@umich.edu
33,Gladi,Abbott,gabbottw@hc360.com
34,Edmund,Bardwell,ebardwellx@rakuten.co.jp
35,Chelsae,Duignan,cduignany@istockphoto.com
36,Elinore,Kruszelnicki,ekruszelnickiz@sphinn.com
37,Alisander,McDonnell,amcdonnell10@ebay.co.uk
38,Annabal,Moulson,amoulson11@reverbnation.com
39,Ingar,Tinsey,itinsey12@wordpress.org
40,Mervin,Hutt,mhutt13@oracle.com
41,Albie,Lidierth,alidierth14@uiuc.edu
42,Gunilla,Lamden,glamden15@linkedin.com
43,Bryce,Sebastian,bsebastian16@soundcloud.com
44,Aimee,Bygate,abygate17@hubpages.com
45,Rosabel,Frome,rfrome18@house.gov
46,Atlanta,Smither,asmither19@51.la
47,Anatole,Collomosse,acollomosse1a@zimbio.com
48,Melamie,Scotti,mscotti1b@seesaa.net
49,Beauregard,Breedy,bbreedy1c@51.la
50,Adelaide,Gerger,agerger1d@mlb.com
51,Marlyn,Caffery,mcaffery1e@livejournal.com
52,Doro,Laphorn,dlaphorn1f@npr.org
53,Saunders,Verdy,sverdy1g@samsung.com
54,Jeremy,Keems,jkeems1h@tiny.cc
55,Ev,Belch,ebelch1i@purevolume.com
56,Mordecai,Rudyard,mrudyard1j@canalblog.com
57,Taddeusz,Tenman,ttenman1k@gov.uk
58,Myranda,Jaggli,mjaggli1l@psu.edu
59,Hilary,Odgers,hodgers1m@dedecms.com
60,Horten,Leishman,hleishman1n@issuu.com
61,Agathe,Frugier,afrugier1o@tamu.edu
62,Nari,Maffi,nmaffi1p@redcross.org
63,Wallis,St. John,wstjohn1q@wikispaces.com
64,Joseito,McAughtrie,jmcaughtrie1r@posterous.com
65,Gaby,Dalgliesh,gdalgliesh1s@loc.gov
66,Shelagh,Gogerty,sgogerty1t@nbcnews.com
67,Pierre,Castan,pcastan1u@cloudflare.com
68,Marie-jeanne,Twinbrow,mtwinbrow1v@discovery.com
69,Cecelia,O'Shevlin,coshevlin1w@163.com
70,Paula,Hanson,phanson1x@twitpic.com
71,Emmalynne,Dallyn,edallyn1y@1und1.de
72,Hedwiga,Tillerton,htillerton1z@wired.com
73,Eveline,Simonite,esimonite20@posterous.com
74,Nikaniki,Beushaw,nbeushaw21@businessinsider.com
75,Raimondo,Babin,rbabin22@dailymail.co.uk
76,Danni,Maffioni,dmaffioni23@nih.gov
77,Frankie,Plaskitt,fplaskitt24@ft.com
78,Tannie,Prodrick,tprodrick25@diigo.com
79,Donn,Holwell,dholwell26@java.com
80,Zabrina,Nottram,znottram27@ezinearticles.com
81,Angelia,Piele,apiele28@soup.io
82,Natale,Salvatore,nsalvatore29@flavors.me
83,Vevay,Alvy,valvy2a@hostgator.com
84,Linnie,Bendig,lbendig2b@nsw.gov.au
85,Kelsey,Rushford,krushford2c@live.com
86,Liz,Cardenoza,lcardenoza2d@newyorker.com
87,Marcos,Hattam,mhattam2e@blinklist.com
88,Moria,Beazley,mbeazley2f@ovh.net
89,Scarlet,Whoston,swhoston2g@marketwatch.com
90,Adler,Kemmis,akemmis2h@cloudflare.com
91,Roxy,Strang,rstrang2i@icq.com
92,Quinn,Popeley,qpopeley2j@nymag.com
93,Salvidor,Cowsby,scowsby2k@liveinternet.ru
94,Cherish,Lighterness,clighterness2l@t-online.de
95,Carolyne,Early,cearly2m@theguardian.com
96,Deane,Cominoli,dcominoli2n@exblog.jp
97,Emile,Wrefford,ewrefford2o@behance.net
98,Ari,Alvaro,aalvaro2p@parallels.com
99,Josi,Slyford,jslyford2q@technorati.com
100,Reeba,Hartless,rhartless2r@de.vu
101,Salli,Mossop,smossop2s@fotki.com
102,Eric,Ciciotti,eciciotti2t@telegraph.co.uk
103,Enrique,Narducci,enarducci2u@php.net
104,Wilie,Cornelis,wcornelis2v@hostgator.com
105,Thomas,Greendale,tgreendale2w@blogspot.com
106,Meade,Broxap,mbroxap2x@themeforest.net
107,Phoebe,Wonter,pwonter2y@vkontakte.ru
108,Cara,Heminsley,cheminsley2z@ameblo.jp
109,Bess,Arbuckel,barbuckel30@cornell.edu
110,Web,Lawtie,wlawtie31@dailymail.co.uk
111,Dulcia,Gloster,dgloster32@trellian.com
112,Aristotle,Renols,arenols33@mail.ru
113,Cordey,Allett,callett34@goodreads.com
114,Packston,Etheredge,petheredge35@statcounter.com
115,Cyndia,Bertin,cbertin36@last.fm
116,Emyle,Goublier,egoublier37@oaic.gov.au
117,Franz,Stennings,fstennings38@admin.ch
118,Lindy,Tollow,ltollow39@senate.gov
119,Eric,Zannelli,ezannelli3a@delicious.com
120,Tanitansy,Benham,tbenham3b@so-net.ne.jp
121,Levi,Adamov,ladamov3c@blinklist.com
122,Thornton,Adshad,tadshad3d@soup.io
123,Elicia,Rosevear,erosevear3e@sohu.com
124,Silvano,Enga,senga3f@shinystat.com
125,Sansone,Dumphry,sdumphry3g@goo.gl
126,Terrijo,Huws,thuws3h@marriott.com
127,Abdel,Redmond,aredmond3i@hubpages.com
128,Aggy,Katt,akatt3j@trellian.com
129,Marylou,Portingale,mportingale3k@examiner.com
130,Gaynor,Kennicott,gkennicott3l@php.net
131,Merci,Midson,mmidson3m@163.com
132,Frank,Cordeux,fcordeux3n@vk.com
133,Shirlee,Gateshill,sgateshill3o@mashable.com
134,Minta,Mathe,mmathe3p@samsung.com
135,Gasparo,Nolder,gnolder3q@cyberchimps.com
136,Feliza,Vagg,fvagg3r@ca.gov
137,Fiorenze,Picknett,fpicknett3s@trellian.com
138,Bron,Bows,bbows3t@amazon.co.uk
139,Shantee,Frayn,sfrayn3u@trellian.com
140,Danna,Taverner,dtaverner3v@prnewswire.com
141,Lyndsie,Ligerton,lligerton3w@gov.uk
142,Araldo,Ashwood,aashwood3x@altervista.org
143,Caria,Valerio,cvalerio3y@noaa.gov
144,Frederik,Barwise,fbarwise3z@redcross.org
145,Decca,Kinleyside,dkinleyside40@over-blog.com
146,Evvie,Brayne,ebrayne41@marketwatch.com
147,Nanine,Grimwad,ngrimwad42@myspace.com
148,Almeta,Melbury,amelbury43@ustream.tv
149,Ania,Castana,acastana44@canalblog.com
150,Mario,Matyushenko,mmatyushenko45@histats.com
151,Bev,Cotgrove,bcotgrove46@amazon.co.jp
152,Selma,Ryce,sryce47@smugmug.com
153,Avery,Laraway,alaraway48@google.fr
154,Kingsly,MacGahey,kmacgahey49@myspace.com
155,Tessy,Gamet,tgamet4a@apple.com
156,Rodrique,Kingham,rkingham4b@squidoo.com
157,Ebba,Smalecombe,esmalecombe4c@boston.com
158,Olly,Soan,osoan4d@163.com
159,Ilsa,LeEstut,ileestut4e@imgur.com
160,Conant,Marriage,cmarriage4f@mysql.com
161,Frederica,Millar,fmillar4g@tripadvisor.com
162,Bancroft,Baptista,bbaptista4h@de.vu
163,Arlina,Willder,awillder4i@google.es
164,Vivi,Perrat,vperrat4j@aboutads.info
165,Omar,Castelluzzi,ocastelluzzi4k@squidoo.com
166,Gregory,Keneleyside,gkeneleyside4l@godaddy.com
167,Paula,Laurie,plaurie4m@naver.com
168,Ferd,Teligin,fteligin4n@yolasite.com
169,Elayne,Biermatowicz,ebiermatowicz4o@opensource.org
170,Karen,Yerrell,kyerrell4p@imgur.com
171,Gertrude,Mulhall,gmulhall4q@mozilla.org
172,Bruno,Gentiry,bgentiry4r@theatlantic.com
173,Evin,Higgoe,ehiggoe4s@yellowpages.com
174,Sam,Mottley,smottley4t@bigcartel.com
175,Lydie,Tortis,ltortis4u@technorati.com
176,Griffie,Matiasek,gmatiasek4v@pbs.org
177,Barth,Fer,bfer4w@ovh.net
178,Isa,Hardway,ihardway4x@mayoclinic.com
179,Doro,Gask,dgask4y@feedburner.com
180,Maryann,Filon,mfilon4z@oaic.gov.au
181,Allan,Sprigging,asprigging50@icio.us
182,Dede,Flounders,dflounders51@hud.gov
183,Eva,Klimentyev,eklimentyev52@goo.ne.jp
184,Haley,Winfindale,hwinfindale53@tiny.cc
185,Kerrin,Levins,klevins54@webeden.co.uk
186,Evelin,Flowitt,eflowitt55@ebay.com
187,Delmor,Paschek,dpaschek56@tinypic.com
188,Rhiamon,Kliment,rkliment57@intel.com
189,Cherin,Rantoul,crantoul58@npr.org
190,Birch,Gyorgy,bgyorgy59@epa.gov
191,Dan,Errichiello,derrichiello5a@npr.org
192,Hugibert,Iggulden,higgulden5b@amazon.co.jp
193,Jayson,Fairbairn,jfairbairn5c@nyu.edu
194,Shirl,MacKellen,smackellen5d@fda.gov
195,Cordie,Sanpere,csanpere5e@dagondesign.com
196,Melania,Crooks,mcrooks5f@baidu.com
197,Ramsey,Drews,rdrews5g@google.co.uk
198,Seka,Odell,sodell5h@spiegel.de
199,Kiersten,Fosten,kfosten5i@eepurl.com
200,Roth,Skewes,rskewes5j@myspace.com
201,Romy,Rosier,rrosier5k@cmu.edu
202,Sky,Normanvill,snormanvill5l@istockphoto.com
203,Margarita,Walburn,mwalburn5m@com.com
204,Amity,Staniford,astaniford5n@telegraph.co.uk
205,Valencia,Leathem,vleathem5o@ifeng.com
206,Cherlyn,Kilborn,ckilborn5p@seattletimes.com
207,Gray,Weekland,gweekland5q@auda.org.au
208,Liam,Joutapaitis,ljoutapaitis5r@whitehouse.gov
209,Patience,Utteridge,putteridge5s@cmu.edu
210,Wyatt,Stringer,wstringer5t@nytimes.com
211,Lucina,Smorthwaite,lsmorthwaite5u@amazon.co.jp
212,Essie,Alsop,ealsop5v@cafepress.com
213,Godart,Itzcovich,gitzcovich5w@businessweek.com
214,Nicki,Rains,nrains5x@live.com
215,Shepard,Kayzer,skayzer5y@ucsd.edu
216,Rog,Bertome,rbertome5z@bizjournals.com
217,Weston,Whitten,wwhitten60@amazon.com
218,Rosalie,Fritchly,rfritchly61@unblog.fr
219,Robinet,Luetkemeyer,rluetkemeyer62@biglobe.ne.jp
220,Gideon,Tukely,gtukely63@tripadvisor.com
221,Bambi,Wassung,bwassung64@arstechnica.com
222,Audy,Hounihan,ahounihan65@timesonline.co.uk
223,Dorothee,Dell 'Orto,ddellorto66@jugem.jp
224,Kennith,Leffek,kleffek67@yahoo.co.jp
225,Chester,Foss,cfoss68@4shared.com
226,Cherlyn,Norcop,cnorcop69@pen.io
227,Sallyann,Ianno,sianno6a@google.fr
228,Bryna,Gover,bgover6b@answers.com
229,Rena,Lies,rlies6c@soup.io
230,Cortney,Ellph,cellph6d@hc360.com
231,Joshuah,Splain,jsplain6e@privacy.gov.au
232,Quinn,MacKereth,qmackereth6f@bbb.org
233,Elijah,Merrison,emerrison6g@domainmarket.com
234,Hakeem,Pulbrook,hpulbrook6h@who.int
235,Zarah,Gummary,zgummary6i@mlb.com
236,Hurlee,Scoffham,hscoffham6j@friendfeed.com
237,Brockie,Gillibrand,bgillibrand6k@networksolutions.com
238,Theresa,Fudge,tfudge6l@usatoday.com
239,Jard,Lidgley,jlidgley6m@virginia.edu
240,Horatia,Kraut,hkraut6n@cyberchimps.com
241,Ashlan,Ubank,aubank6o@ftc.gov
242,Rebbecca,Hussell,rhussell6p@usnews.com
243,Fanchon,Studdeard,fstuddeard6q@latimes.com
244,Mufinella,Tant,mtant6r@irs.gov
245,Geneva,Ogg,gogg6s@360.cn
246,Ailsun,Pattison,apattison6t@examiner.com
247,Kit,Gabel,kgabel6u@tinyurl.com
248,Jocelyne,Mouget,jmouget6v@ovh.net
249,Melania,Tosspell,mtosspell6w@geocities.jp
250,Rockwell,Keatch,rkeatch6x@behance.net
251,Jada,Bowskill,jbowskill6y@prweb.com
252,Bertie,Hawarden,bhawarden6z@jimdo.com
253,Sofie,Suffe,ssuffe70@wufoo.com
254,Darleen,Sattin,dsattin71@xing.com
255,Julina,Starbuck,jstarbuck72@bing.com
256,Gladys,Rowney,growney73@com.com
257,Kellyann,Shieber,kshieber74@cnbc.com
258,Antonia,D'Antuoni,adantuoni75@kickstarter.com
259,Kit,Giacobbo,kgiacobbo76@cmu.edu
260,Hester,Lambdon,hlambdon77@dailymail.co.uk
261,Nomi,McAughtry,nmcaughtry78@de.vu
262,Terrye,Jaumet,tjaumet79@theglobeandmail.com
263,Essa,Pusill,epusill7a@scientificamerican.com
264,Winnifred,Van Arsdalen,wvanarsdalen7b@quantcast.com
265,Kenneth,O'Malley,komalley7c@upenn.edu
266,Allis,Haly,ahaly7d@dailymotion.com
267,Laryssa,Philipson,lphilipson7e@accuweather.com
268,Dewitt,Smorthit,dsmorthit7f@ca.gov
269,Briant,Ruprechter,bruprechter7g@toplist.cz
270,Wesley,Westall,wwestall7h@friendfeed.com
271,James,Palk,jpalk7i@java.com
272,Belvia,Howlings,bhowlings7j@vistaprint.com
273,Hershel,Jack,hjack7k@barnesandnoble.com
274,Raffaello,Curnnok,rcurnnok7l@admin.ch
275,Araldo,Braxton,abraxton7m@acquirethisname.com
276,Cortie,Baggarley,cbaggarley7n@ibm.com
277,Joy,Sor,jsor7o@cyberchimps.com
278,Elbertina,Burmingham,eburmingham7p@w3.org
279,Perri,Cretney,pcretney7q@wordpress.com
280,Casey,Everington,ceverington7r@netlog.com
281,Paulie,Botting,pbotting7s@mozilla.com
282,Flory,Iacomelli,fiacomelli7t@dyndns.org
283,Shaylynn,Southerden,ssoutherden7u@mlb.com
284,Keefe,Pateman,kpateman7v@blogtalkradio.com
285,Tanhya,Wooldridge,twooldridge7w@reddit.com
286,Linoel,Borsnall,lborsnall7x@wordpress.org
287,Rycca,Sharvill,rsharvill7y@slashdot.org
288,Abbie,Coushe,acoushe7z@vkontakte.ru
289,Imelda,Plackstone,iplackstone80@free.fr
290,Jillian,Janaud,jjanaud81@va.gov
291,Isaac,Wille,iwille82@studiopress.com
292,Lefty,Gippes,lgippes83@columbia.edu
293,Rog,Barmadier,rbarmadier84@wikipedia.org
294,Casey,Nel,cnel85@fotki.com
295,Dare,Loffel,dloffel86@earthlink.net
296,Emmet,Pittle,epittle87@github.com
297,Tonye,Proger,tproger88@skyrock.com
298,Theobald,Taplow,ttaplow89@unblog.fr
299,Belle,Pattini,bpattini8a@craigslist.org
300,De,Cahalan,dcahalan8b@elpais.com
301,Angelina,Grinley,agrinley8c@skyrock.com
302,Fae,McQuilkin,fmcquilkin8d@bravesites.com
303,Horst,Fancutt,hfancutt8e@amazon.co.jp
304,Catherin,Sikora,csikora8f@g.co
305,Enrica,Pilmore,epilmore8g@icio.us
306,Riane,Leborgne,rleborgne8h@e-recht24.de
307,Bob,Bedward,bbedward8i@dyndns.org
308,Randal,Kilgrove,rkilgrove8j@163.com
309,Gill,Afield,gafield8k@irs.gov
310,Worthington,Pidon,wpidon8l@discuz.net
311,Greta,Blague,gblague8m@intel.com
312,Cob,Patron,cpatron8n@jugem.jp
313,Creight,Bassham,cbassham8o@comsenz.com
314,Romy,Yakebovich,ryakebovich8p@nationalgeographic.com
315,Tim,Caisley,tcaisley8q@sbwire.com
316,Blondie,Mitten,bmitten8r@etsy.com
317,Dal,Lillicrap,dlillicrap8s@paginegialle.it
318,Morgan,Cowpertwait,mcowpertwait8t@privacy.gov.au
319,Junette,Gilson,jgilson8u@barnesandnoble.com
320,Walden,Hartburn,whartburn8v@cafepress.com
321,Marcus,Lytlle,mlytlle8w@washington.edu
322,Norbert,Lumpkin,nlumpkin8x@reference.com
323,Maggee,Jayes,mjayes8y@bandcamp.com
324,Jonis,Clew,jclew8z@pinterest.com
325,Randell,Chansonnau,rchansonnau90@weather.com
326,Marijn,Guilloneau,mguilloneau91@macromedia.com
327,Terrence,Dibling,tdibling92@ox.ac.uk
328,Alanson,Pina,apina93@howstuffworks.com
329,Sheila,Benazet,sbenazet94@usa.gov
330,Justino,Levecque,jlevecque95@imdb.com
331,Leanor,Rikard,lrikard96@delicious.com
332,Kary,Chubb,kchubb97@umich.edu
333,Papagena,McCrorie,pmccrorie98@berkeley.edu
334,Sammy,Moodycliffe,smoodycliffe99@cbslocal.com
335,Sasha,Darrington,sdarrington9a@weebly.com
336,Buckie,Odd,bodd9b@mail.ru
337,Dorie,Trunks,dtrunks9c@bravesites.com
338,Marylin,Michel,mmichel9d@google.co.jp
339,Clemence,Wolvey,cwolvey9e@admin.ch
340,Lishe,Holsey,lholsey9f@bluehost.com
341,Marion,Barden,mbarden9g@bandcamp.com
342,Dacey,Leroux,dleroux9h@fema.gov
343,Baily,Larkworthy,blarkworthy9i@mail.ru
344,Aloysia,Clunan,aclunan9j@histats.com
345,Roxi,Lapidus,rlapidus9k@dyndns.org
346,Josephine,Braybrooks,jbraybrooks9l@photobucket.com
347,Caprice,Kellar,ckellar9m@home.pl
348,Harlen,Jancik,hjancik9n@ehow.com
349,Scot,McAne,smcane9o@typepad.com
350,Isidora,Bracchi,ibracchi9p@alexa.com
351,Amory,Kilmaster,akilmaster9q@t.co
352,Lisabeth,Valdes,lvaldes9r@imageshack.us
353,Margarete,Slaughter,mslaughter9s@bloglines.com
354,Liane,Yorston,lyorston9t@weebly.com
355,Wilbur,Parfrey,wparfrey9u@surveymonkey.com
356,Aldis,Kovalski,akovalski9v@nps.gov
357,Rhonda,Blakden,rblakden9w@stanford.edu
358,Cleon,Liddiard,cliddiard9x@ibm.com
359,Ward,Ziemens,wziemens9y@livejournal.com
360,Kalindi,Kinnie,kkinnie9z@flickr.com
361,Selle,Parratt,sparratta0@archive.org
362,Danila,Gainsburgh,dgainsburgha1@feedburner.com
363,Mara,Lattimer,mlattimera2@pinterest.com
364,Catherin,Yellowlea,cyellowleaa3@jiathis.com
365,Willey,Hazlewood,whazlewooda4@fda.gov
366,Gun,Camamill,gcamamilla5@dropbox.com
367,Boony,Haile,bhailea6@creativecommons.org
368,Alfy,Simmen,asimmena7@shareasale.com
369,Aileen,Ardron,aardrona8@pagesperso-orange.fr
370,Ginevra,Townsley,gtownsleya9@tripadvisor.com
371,Emmey,Foulcher,efoulcheraa@pen.io
372,Laina,Southerill,lsoutherillab@washington.edu
373,Sarina,Yeardley,syeardleyac@businesswire.com
374,Jone,Hakonsson,jhakonssonad@hhs.gov
375,Aryn,Brinson,abrinsonae@live.com
376,Marc,Illesley,millesleyaf@hubpages.com
377,Garv,Iacomelli,giacomelliag@alexa.com
378,Dolli,Van der Velden,dvanderveldenah@globo.com
379,Sabina,D'Cruze,sdcruzeai@clickbank.net
380,Virgina,Partrick,vpartrickaj@nature.com
381,Hali,Blacklock,hblacklockak@omniture.com
382,Curtice,Brewitt,cbrewittal@ucla.edu
383,Beret,Fletcher,bfletcheram@imdb.com
384,Sonnie,Melloy,smelloyan@mit.edu
385,Celene,Rankling,cranklingao@mapquest.com
386,Valina,Vobes,vvobesap@list-manage.com
387,Hannis,Munns,hmunnsaq@usatoday.com
388,Roda,Bleby,rblebyar@arstechnica.com
389,Jammie,Adiscot,jadiscotas@tripadvisor.com
390,Bernadine,Belderson,bbeldersonat@sohu.com
391,Marleen,Easson,meassonau@pcworld.com
392,Jerrome,McLennan,jmclennanav@nationalgeographic.com
393,Jamill,Manon,jmanonaw@dell.com
394,Siobhan,Domenc,sdomencax@wiley.com
395,Zeb,Terne,zterneay@census.gov
396,Joelynn,Bodker,jbodkeraz@free.fr
397,Gayleen,Maun,gmaunb0@aboutads.info
398,June,Olivia,joliviab1@hc360.com
399,Marcello,Quick,mquickb2@irs.gov
400,Dara,Pavese,dpaveseb3@smugmug.com
401,Bertrando,Simonot,bsimonotb4@tripadvisor.com
402,Carl,Jervis,cjervisb5@amazon.co.jp
403,Reider,Everix,reverixb6@livejournal.com
404,Farrell,Woodcock,fwoodcockb7@4shared.com
405,Caralie,Marney,cmarneyb8@usatoday.com
406,Leanor,Gonet,lgonetb9@shutterfly.com
407,Veda,Twomey,vtwomeyba@reverbnation.com
408,Luther,Koubu,lkoububb@cargocollective.com
409,Jan,Wiggin,jwigginbc@sakura.ne.jp
410,Donetta,Janiszewski,djaniszewskibd@wikispaces.com
411,Kandace,Kirk,kkirkbe@oakley.com
412,Heather,Novelli,hnovellibf@youtube.com
413,Colly,Greason,cgreasonbg@ocn.ne.jp
414,Bennett,Tadlow,btadlowbh@cnn.com
415,Gaston,Symones,gsymonesbi@imageshack.us
416,Mal,Dodridge,mdodridgebj@xrea.com
417,Emelyne,Cahn,ecahnbk@dailymail.co.uk
418,Kippy,Hollyar,khollyarbl@springer.com
419,Claudina,Pawley,cpawleybm@com.com
420,Loraine,Benedite,lbeneditebn@tumblr.com
421,Sheilakathryn,Allred,sallredbo@census.gov
422,Ashly,Dwerryhouse,adwerryhousebp@aol.com
423,Dallas,Kahane,dkahanebq@friendfeed.com
424,Galina,Ivashkov,givashkovbr@hugedomains.com
425,Seth,Stoke,sstokebs@usatoday.com
426,Cher,Dawdary,cdawdarybt@hubpages.com
427,Rosette,Rapps,rrappsbu@google.co.uk
428,Yurik,Harral,yharralbv@sina.com.cn
429,Collin,Trayford,ctrayfordbw@java.com
430,Zaria,Cuppitt,zcuppittbx@netlog.com
431,Waldo,Ambrogi,wambrogiby@mapy.cz
432,Rania,Claye,rclayebz@omniture.com
433,Jammie,Godart,jgodartc0@squarespace.com
434,Avigdor,Castellet,acastelletc1@unicef.org
435,Sheffy,Suffe,ssuffec2@census.gov
436,Val,Huegett,vhuegettc3@wordpress.com
437,Barrett,Mosedall,bmosedallc4@sina.com.cn
438,Manuel,Blunn,mblunnc5@google.com.br
439,Forester,McIlhatton,fmcilhattonc6@nbcnews.com
440,Dell,McDaid,dmcdaidc7@mtv.com
441,Dynah,Belchamp,dbelchampc8@wikispaces.com
442,Anderea,Rosenthaler,arosenthalerc9@state.tx.us
443,Skip,Demaid,sdemaidca@google.nl
444,Meredith,Artis,martiscb@google.com.br
445,Anette,Rraundl,arraundlcc@paginegialle.it
446,Ode,Chasle,ochaslecd@admin.ch
447,Zitella,Knightly,zknightlyce@reddit.com
448,Christian,Harland,charlandcf@xing.com
449,Jorey,Seage,jseagecg@scribd.com
450,Ameline,Winspurr,awinspurrch@ameblo.jp
451,Nelly,Halfhead,nhalfheadci@home.pl
452,Harlen,Abelson,habelsoncj@hhs.gov
453,Van,De Lorenzo,vdelorenzock@freewebs.com
454,Adel,Alison,aalisoncl@cam.ac.uk
455,Felicdad,Oxnam,foxnamcm@usgs.gov
456,Sydney,Franzel,sfranzelcn@list-manage.com
457,Gregg,Itzkovici,gitzkovicico@nature.com
458,Elvin,Rathbourne,erathbournecp@canalblog.com
459,Enoch,Sousa,esousacq@de.vu
460,Isabeau,Ewington,iewingtoncr@yale.edu
461,Margo,Wennington,mwenningtoncs@princeton.edu
462,Toddy,Heersma,theersmact@youku.com
463,Yevette,Nesfield,ynesfieldcu@discovery.com
464,Octavia,Cusworth,ocusworthcv@dropbox.com
465,Ty,Younie,tyouniecw@webmd.com
466,Matthieu,Akast,makastcx@google.com.br
467,Marigold,Dodell,mdodellcy@sohu.com
468,Janith,Gallego,jgallegocz@google.com.hk
469,Austine,Haps,ahapsd0@privacy.gov.au
470,Andrea,Girkins,agirkinsd1@huffingtonpost.com
471,Patrice,Le Count,plecountd2@ifeng.com
472,Trudey,Knight,tknightd3@trellian.com
473,Zarla,Prantoni,zprantonid4@yellowpages.com
474,Grete,Kirsche,gkirsched5@apache.org
475,Shellie,Murty,smurtyd6@examiner.com
476,Kendrick,Cockings,kcockingsd7@pbs.org
477,Cy,Braybrooks,cbraybrooksd8@japanpost.jp
478,Gert,Dracksford,gdracksfordd9@wikispaces.com
479,Lynne,Dhillon,ldhillonda@cargocollective.com
480,Leonard,Fermor,lfermordb@hostgator.com
481,Jessika,Ygo,jygodc@un.org
482,Donny,Crewther,dcrewtherdd@slate.com
483,Blithe,Rimmer,brimmerde@symantec.com
484,Trudy,Wones,twonesdf@cbsnews.com
485,Latia,Divers,ldiversdg@stanford.edu
486,Henri,Bowry,hbowrydh@google.pl
487,Vivie,Hercock,vhercockdi@godaddy.com
488,Elka,Scammonden,escammondendj@51.la
489,Aurelea,Josefowicz,ajosefowiczdk@cisco.com
490,Leland,Oglethorpe,loglethorpedl@nhs.uk
491,Auberta,Tyrwhitt,atyrwhittdm@phpbb.com
492,Marin,Caccavella,mcaccavelladn@cbslocal.com
493,Maximilianus,Jaskowicz,mjaskowiczdo@flavors.me
494,Shina,Rizzone,srizzonedp@latimes.com
495,Melicent,Ovitts,movittsdq@pinterest.com
496,Gaylene,Grafhom,ggrafhomdr@icq.com
497,Davide,Kunrad,dkunradds@unicef.org
498,Olin,Rudham,orudhamdt@howstuffworks.com
499,Celia,Fitzharris,cfitzharrisdu@ehow.com
500,Adorne,Doeg,adoegdv@icq.com
501,Stefanie,Lendrem,slendremdw@imageshack.us
502,Salem,Snedden,ssneddendx@barnesandnoble.com
503,Gwen,Geratasch,ggerataschdy@smh.com.au
504,Bernard,Udey,budeydz@themeforest.net
505,Baudoin,Scadding,bscaddinge0@last.fm
506,Arly,Marrill,amarrille1@nhs.uk
507,Nicoline,Labon,nlabone2@wikia.com
508,Erv,Prangley,eprangleye3@scientificamerican.com
509,Page,Gynne,pgynnee4@disqus.com
510,Dorthy,Gleadle,dgleadlee5@yandex.ru
511,Tasia,Thexton,tthextone6@cyberchimps.com
512,Mela,Raoul,mraoule7@java.com
513,Maxim,Walshe,mwalshee8@xing.com
514,Arlina,Stitcher,astitchere9@cafepress.com
515,Duane,Glisenan,dglisenanea@sciencedaily.com
516,Fenelia,Ratlee,fratleeeb@tamu.edu
517,Mirna,Heam,mheamec@topsy.com
518,Paulette,Gowan,pgowaned@wikimedia.org
519,Sybilla,Scruton,sscrutonee@google.ca
520,Brooke,Kopisch,bkopischef@adobe.com
521,Catlin,Ramsell,cramselleg@gravatar.com
522,Jennie,Tyler,jtylereh@odnoklassniki.ru
523,Norbert,Epsley,nepsleyei@slideshare.net
524,Theadora,Larwell,tlarwellej@flickr.com
525,Jenni,Gillbard,jgillbardek@mac.com
526,Rebekah,Winsiowiecki,rwinsiowieckiel@shop-pro.jp
527,Ransell,Showler,rshowlerem@samsung.com
528,Sonja,January 1st,sjanuarysten@shop-pro.jp
529,Marcus,Kubelka,mkubelkaeo@jalbum.net
530,Letizia,Giscken,lgisckenep@cloudflare.com
531,Barby,Yardy,byardyeq@feedburner.com
532,Daile,Darrel,ddarreler@jugem.jp
533,Roldan,Benditt,rbendittes@redcross.org
534,Joshia,Flavelle,jflavelleet@newsvine.com
535,Annadiane,Dust,adusteu@zimbio.com
536,Cully,Maudlen,cmaudlenev@unicef.org
537,Iorgos,Patis,ipatisew@utexas.edu
538,Ced,Tire,ctireex@cam.ac.uk
539,Bernard,Buckland,bbucklandey@bbb.org
540,Jacquelynn,Walbrun,jwalbrunez@weebly.com
541,Shep,Farloe,sfarloef0@infoseek.co.jp
542,Ingrim,Cordes,icordesf1@webeden.co.uk
543,Dene,Gillie,dgillief2@printfriendly.com
544,Troy,Dearnley,tdearnleyf3@is.gd
545,Sal,Wyant,swyantf4@istockphoto.com
546,Cordey,Townson,ctownsonf5@va.gov
547,Hyacintha,Ruffle,hrufflef6@sitemeter.com
548,Clarissa,Saffell,csaffellf7@google.com.hk
549,Shannon,Farnhill,sfarnhillf8@abc.net.au
550,May,MacAindreis,mmacaindreisf9@hexun.com
551,Elizabeth,Russan,erussanfa@mapy.cz
552,Jacques,Backwell,jbackwellfb@columbia.edu
553,Abigail,Ferris,aferrisfc@istockphoto.com
554,Kizzee,McEniry,kmceniryfd@amazonaws.com
555,Filmer,Suerz,fsuerzfe@naver.com
556,Frants,Gorbell,fgorbellff@abc.net.au
557,Zitella,Silvers,zsilversfg@google.it
558,Ethelda,Tutill,etutillfh@a8.net
559,Demetrius,Jelf,djelffi@imgur.com
560,Dorrie,Burbridge,dburbridgefj@networksolutions.com
561,Maighdiln,McLoughlin,mmcloughlinfk@telegraph.co.uk
562,Giffie,Vasilevich,gvasilevichfl@xing.com
563,Cos,Mugford,cmugfordfm@yahoo.com
564,Vincent,Hub,vhubfn@php.net
565,Romy,Celle,rcellefo@nydailynews.com
566,Brewer,Fiddyment,bfiddymentfp@latimes.com
567,Patti,Dionis,pdionisfq@bing.com
568,Esra,Reeds,ereedsfr@house.gov
569,Ruperta,Sisse,rsissefs@google.de
570,Teodoro,Spence,tspenceft@examiner.com
571,Brenna,Redferne,bredfernefu@webs.com
572,Agosto,Easbie,aeasbiefv@prlog.org
573,Felicle,Stredder,fstredderfw@slate.com
574,Stacia,McIlharga,smcilhargafx@youku.com
575,Maryjane,Cluely,mcluelyfy@paypal.com
576,Mendie,Lillee,mlilleefz@hostgator.com
577,Zane,Jilliss,zjillissg0@geocities.jp
578,Karon,Haestier,khaestierg1@sitemeter.com
579,Conan,Dewan,cdewang2@wix.com
580,Ian,Rodda,iroddag3@usda.gov
581,Feliks,Macrow,fmacrowg4@abc.net.au
582,Jennee,Hobgen,jhobgeng5@mozilla.com
583,Derby,Trude,dtrudeg6@berkeley.edu
584,Crystal,Temprell,ctemprellg7@godaddy.com
585,Audrey,Morville,amorvilleg8@cisco.com
586,Ignaz,Ivashinnikov,iivashinnikovg9@businesswire.com
587,Ritchie,Battye,rbattyega@newsvine.com
588,Avril,Piell,apiellgb@pbs.org
589,Osbourne,Dunbavin,odunbavingc@mtv.com
590,Felice,Legrave,flegravegd@cnet.com
591,Eleanore,Billson,ebillsonge@dailymail.co.uk
592,Reggie,Vido,rvidogf@behance.net
593,Deeanne,Piggen,dpiggengg@fastcompany.com
594,Henka,Fitchew,hfitchewgh@desdev.cn
595,Elaina,McCandie,emccandiegi@creativecommons.org
596,Jada,Crolla,jcrollagj@wunderground.com
597,Kati,Worswick,kworswickgk@salon.com
598,Lezley,McJerrow,lmcjerrowgl@redcross.org
599,Tam,Barwood,tbarwoodgm@china.com.cn
600,Grannie,Patience,gpatiencegn@cloudflare.com
601,Annnora,Wones,awonesgo@smh.com.au
602,Allayne,Mandrake,amandrakegp@google.es
603,Cameron,Leas,cleasgq@vkontakte.ru
604,Nicolette,Dukesbury,ndukesburygr@yahoo.co.jp
605,Keelby,Ferneyhough,kferneyhoughgs@hatena.ne.jp
606,Alexandros,Fiennes,afiennesgt@ustream.tv
607,Hanan,Olyfat,holyfatgu@sbwire.com
608,Bobbette,Barnet,bbarnetgv@sourceforge.net
609,Rickie,Chantler,rchantlergw@ucoz.ru
610,Alfi,Rizzillo,arizzillogx@japanpost.jp
611,Yevette,Daen,ydaengy@dmoz.org
612,Ezekiel,Lokier,elokiergz@whitehouse.gov
613,Richart,Kelbie,rkelbieh0@mayoclinic.com
614,Osmond,Giovanni,ogiovannih1@paginegialle.it
615,Michelle,O'Dreain,modreainh2@miitbeian.gov.cn
616,Tasia,Balsom,tbalsomh3@over-blog.com
617,Marcy,MacGaughy,mmacgaughyh4@usda.gov
618,Lynnell,Donisi,ldonisih5@bbc.co.uk
619,Domini,Priddy,dpriddyh6@disqus.com
620,Donica,Semour,dsemourh7@angelfire.com
621,Thorin,Hunnawill,thunnawillh8@domainmarket.com
622,Carmita,Charnick,ccharnickh9@vimeo.com
623,Vanya,Ounsworth,vounsworthha@cmu.edu
624,Rosaleen,Goodliffe,rgoodliffehb@usatoday.com
625,Sly,Ashman,sashmanhc@gnu.org
626,Glad,Wallman,gwallmanhd@unblog.fr
627,Rebeca,Inseal,rinsealhe@bloglines.com
628,Sly,Shreenan,sshreenanhf@fastcompany.com
629,Barris,Hardage,bhardagehg@godaddy.com
630,Kaine,Stansall,kstansallhh@issuu.com
631,Marnia,Bernardon,mbernardonhi@themeforest.net
632,Rosalynd,Davet,rdavethj@bluehost.com
633,Grete,Dahlbom,gdahlbomhk@scientificamerican.com
634,Atalanta,Beckitt,abeckitthl@newyorker.com
635,Louella,Winny,lwinnyhm@cdbaby.com
636,Aarika,Tremontana,atremontanahn@google.ru
637,Sibyl,Kingsnorth,skingsnorthho@com.com
638,Joyan,Cotter,jcotterhp@tuttocitta.it
639,Reamonn,Onge,rongehq@pcworld.com
640,Rockey,Tow,rtowhr@sogou.com
641,Hartwell,Beauchop,hbeauchophs@comsenz.com
642,Catlee,Dreger,cdregerht@4shared.com
643,Huberto,Duthie,hduthiehu@4shared.com
644,Geralda,Hamel,ghamelhv@cbslocal.com
645,Carlynne,Pirnie,cpirniehw@sitemeter.com
646,Cyrill,Wardhaugh,cwardhaughhx@netvibes.com
647,Sophronia,Shufflebotham,sshufflebothamhy@wufoo.com
648,Arlina,Wragg,awragghz@ted.com
649,Stavro,Pail,spaili0@shareasale.com
650,Carlene,Yellowley,cyellowleyi1@abc.net.au
651,Charmane,Kearle,ckearlei2@ow.ly
652,Doroteya,Ferrers,dferrersi3@themeforest.net
653,Carl,Amthor,camthori4@mlb.com
654,Arlinda,Craft,acrafti5@blog.com
655,Andrus,Sydall,asydalli6@springer.com
656,Cordy,Baxandall,cbaxandalli7@yolasite.com
657,Diannne,Makin,dmakini8@columbia.edu
658,Northrop,Dron,ndroni9@china.com.cn
659,Frannie,Grayson,fgraysonia@lulu.com
660,Andria,Armstead,aarmsteadib@forbes.com
661,Lorenzo,Mowett,lmowettic@studiopress.com
662,Kiele,Luesley,kluesleyid@apache.org
663,Lelia,Caisley,lcaisleyie@t.co
664,Glenn,Clarey,gclareyif@wikispaces.com
665,Karlotte,Rivilis,krivilisig@live.com
666,Helaine,Berrecloth,hberreclothih@amazon.co.jp
667,Ealasaid,Synnot,esynnotii@washingtonpost.com
668,Alon,Buttrick,abuttrickij@ebay.com
669,Pascal,Shortin,pshortinik@aboutads.info
670,Thomasa,Piffe,tpiffeil@163.com
671,Dyna,Proschke,dproschkeim@cornell.edu
672,Raphaela,Stonhouse,rstonhousein@jiathis.com
673,Theresina,Eccersley,teccersleyio@quantcast.com
674,Franciskus,Turban,fturbanip@a8.net
675,Teresita,Belamy,tbelamyiq@lulu.com
676,Martica,Mulheron,mmulheronir@xrea.com
677,Estevan,Spere,espereis@biblegateway.com
678,Sheela,Ferrettino,sferrettinoit@163.com
679,Derwin,Dall,ddalliu@cocolog-nifty.com
680,Maddi,Wooldridge,mwooldridgeiv@hexun.com
681,Herold,Soppit,hsoppitiw@icq.com
682,Adelina,Passfield,apassfieldix@shutterfly.com
683,Isaak,Wade,iwadeiy@buzzfeed.com
684,Archibaldo,Berard,aberardiz@chicagotribune.com
685,Ed,Hedditch,ehedditchj0@seesaa.net
686,Sully,Musto,smustoj1@state.gov
687,Kimberlyn,Brunsden,kbrunsdenj2@creativecommons.org
688,Roma,Sandeson,rsandesonj3@squarespace.com
689,Lanni,Skamal,lskamalj4@odnoklassniki.ru
690,Hali,Batthew,hbatthewj5@smh.com.au
691,Rickard,Barnewelle,rbarnewellej6@cdbaby.com
692,Bee,Lambersen,blambersenj7@usda.gov
693,Bella,Wallicker,bwallickerj8@theglobeandmail.com
694,Dotti,Stoyell,dstoyellj9@taobao.com
695,Garvy,Scotchmore,gscotchmoreja@blogger.com
696,Annis,Cluff,acluffjb@slashdot.org
697,Jannel,Basler,jbaslerjc@lulu.com
698,Maddi,Smithe,msmithejd@elpais.com
699,Burnaby,Sleeny,bsleenyje@nps.gov
700,Nikki,Harbin,nharbinjf@sina.com.cn
701,Law,Cheales,lchealesjg@alibaba.com
702,Nikos,Lefeaver,nlefeaverjh@wikipedia.org
703,Marleen,Skedgell,mskedgellji@gizmodo.com
704,Kaila,Bissiker,kbissikerjj@pbs.org
705,Miran,Rosengren,mrosengrenjk@vistaprint.com
706,Gunter,Wrightham,gwrighthamjl@purevolume.com
707,Forester,Wagge,fwaggejm@i2i.jp
708,Heindrick,Harner,hharnerjn@opera.com
709,Mitzi,Pipkin,mpipkinjo@about.com
710,Stephanus,Tresler,streslerjp@cbc.ca
711,Kira,Gartshore,kgartshorejq@smh.com.au
712,Deonne,Halliberton,dhallibertonjr@goodreads.com
713,Andris,Accombe,aaccombejs@icio.us
714,Molli,Woodroffe,mwoodroffejt@edublogs.org
715,Dulce,Dobney,ddobneyju@state.tx.us
716,Jess,Jeckells,jjeckellsjv@howstuffworks.com
717,Page,Godspede,pgodspedejw@themeforest.net
718,Gillie,McClaren,gmcclarenjx@state.tx.us
719,Fallon,Rogan,froganjy@smh.com.au
720,Pansie,Karolczyk,pkarolczykjz@sciencedaily.com
721,Jessi,Rowberry,jrowberryk0@examiner.com
722,Ailsun,Canelas,acanelask1@ebay.com
723,Shayne,Pendre,spendrek2@nps.gov
724,Nilson,Rickcord,nrickcordk3@nih.gov
725,Trevor,Proughten,tproughtenk4@home.pl
726,Matilda,Berzins,mberzinsk5@tmall.com
727,Connor,Olliver,colliverk6@nih.gov
728,Skipton,Goldine,sgoldinek7@miibeian.gov.cn
729,Forest,Lenchenko,flenchenkok8@mail.ru
730,Cris,Troth,ctrothk9@columbia.edu
731,Colver,Beek,cbeekka@techcrunch.com
732,Ramsey,Barmby,rbarmbykb@usatoday.com
733,Fergus,Hails,fhailskc@networkadvertising.org
734,Latisha,Lebarree,llebarreekd@friendfeed.com
735,Myrwyn,Mainds,mmaindske@nifty.com
736,Guss,Scard,gscardkf@alexa.com
737,Langsdon,Claire,lclairekg@flavors.me
738,Dorolice,Herety,dheretykh@topsy.com
739,Marney,Mityashev,mmityashevki@arstechnica.com
740,Efren,Klimczak,eklimczakkj@hud.gov
741,Dallis,Hemerijk,dhemerijkkk@yahoo.com
742,Jameson,Norvel,jnorvelkl@mlb.com
743,Robby,MacGibbon,rmacgibbonkm@eepurl.com
744,Tildie,Weatherall,tweatherallkn@instagram.com
745,Nikoletta,Pickford,npickfordko@ebay.co.uk
746,Gilly,Stiffkins,gstiffkinskp@jimdo.com
747,Genevra,Brownlee,gbrownleekq@cargocollective.com
748,Thia,Pierrepoint,tpierrepointkr@xrea.com
749,Neale,Chuney,nchuneyks@xinhuanet.com
750,Meriel,Challiss,mchallisskt@xing.com
751,Boonie,Folger,bfolgerku@cornell.edu
752,Caressa,Eary,cearykv@1und1.de
753,Ransom,Meeus,rmeeuskw@godaddy.com
754,Avie,Sambedge,asambedgekx@oracle.com
755,Neille,Powdrill,npowdrillky@clickbank.net
756,Blythe,Zebedee,bzebedeekz@nasa.gov
757,Kleon,McNeilly,kmcneillyl0@bluehost.com
758,Hamlin,Goodluck,hgoodluckl1@oracle.com
759,Zaccaria,Rimour,zrimourl2@blog.com
760,Gabbie,MacGillacolm,gmacgillacolml3@amazon.de
761,Catharine,Dimitriev,cdimitrievl4@deviantart.com
762,Brod,Gwinnett,bgwinnettl5@constantcontact.com
763,Shanna,Peal,speall6@howstuffworks.com
764,Arlee,Crosher,acrosherl7@hubpages.com
765,Lindi,Stoker,lstokerl8@chronoengine.com
766,Dill,Linn,dlinnl9@bloomberg.com
767,Miller,Draude,mdraudela@miibeian.gov.cn
768,Charlotta,Pottberry,cpottberrylb@last.fm
769,Hermy,Giddons,hgiddonslc@parallels.com
770,Irv,Morgans,imorgansld@msn.com
771,Sissie,Pothergill,spothergillle@fc2.com
772,Isadore,Dilston,idilstonlf@wikispaces.com
773,Briny,Fawthorpe,bfawthorpelg@sogou.com
774,Harri,Dane,hdanelh@chicagotribune.com
775,Netti,Figgures,nfigguresli@flavors.me
776,Gerhardt,Bayless,gbaylesslj@youtube.com
777,Rabbi,Lopes,rlopeslk@themeforest.net
778,Lona,Duley,lduleyll@npr.org
779,Caro,Gommowe,cgommowelm@walmart.com
780,Helen,Maurice,hmauriceln@liveinternet.ru
781,Waring,Jenckes,wjenckeslo@nsw.gov.au
782,Hertha,MacDermand,hmacdermandlp@symantec.com
783,Bette,Conquer,bconquerlq@cisco.com
784,Boniface,Mattussevich,bmattussevichlr@symantec.com
785,Nesta,Leadbitter,nleadbitterls@ucoz.com
786,Ulrika,Scopham,uscophamlt@w3.org
787,Burnard,Crowdace,bcrowdacelu@shinystat.com
788,Lucius,MacIlriach,lmacilriachlv@cisco.com
789,Mandel,Cameron,mcameronlw@huffingtonpost.com
790,Stephana,Hollier,shollierlx@freewebs.com
791,Mag,Adamski,madamskily@pcworld.com
792,Alisa,Blincoe,ablincoelz@stanford.edu
793,Neil,Wagnerin,nwagnerinm0@friendfeed.com
794,Ekaterina,Matis,ematism1@typepad.com
795,Darya,Brownsworth,dbrownsworthm2@yellowbook.com
796,Tallie,Morris,tmorrism3@dyndns.org
797,Marieann,Summerfield,msummerfieldm4@blogtalkradio.com
798,Eliot,Dannatt,edannattm5@theglobeandmail.com
799,Artemus,Milbank,amilbankm6@blogtalkradio.com
800,Roseann,Wetherill,rwetherillm7@adobe.com
801,Margo,Nevison,mnevisonm8@ehow.com
802,Cornell,Margrem,cmargremm9@comsenz.com
803,Milo,Tatam,mtatamma@hud.gov
804,Novelia,Burnard,nburnardmb@yellowpages.com
805,Gilda,Brafferton,gbraffertonmc@zimbio.com
806,Eran,Prestie,eprestiemd@github.io
807,Jerri,Fulmen,jfulmenme@illinois.edu
808,Dniren,Mickleborough,dmickleboroughmf@psu.edu
809,Lalo,Lanchbury,llanchburymg@umn.edu
810,Ronica,Widdall,rwiddallmh@scribd.com
811,Mareah,Bernaldo,mbernaldomi@people.com.cn
812,Henderson,Nellen,hnellenmj@163.com
813,Sargent,Alliban,sallibanmk@bandcamp.com
814,Valentia,Eastam,veastamml@cnbc.com
815,Rhiamon,Penright,rpenrightmm@flavors.me
816,Berny,Demanche,bdemanchemn@macromedia.com
817,Pam,Larman,plarmanmo@tmall.com
818,Fay,Signori,fsignorimp@comsenz.com
819,Jamie,Skarman,jskarmanmq@amazon.com
820,Rowan,Kingsley,rkingsleymr@blogtalkradio.com
821,Eric,Littrell,elittrellms@cpanel.net
822,Danila,Jozefowicz,djozefowiczmt@nydailynews.com
823,Randal,Rumens,rrumensmu@timesonline.co.uk
824,Arlyn,Gercke,agerckemv@discovery.com
825,Dov,Pettifer,dpettifermw@amazon.co.jp
826,Shelden,Goude,sgoudemx@themeforest.net
827,Karia,Darker,kdarkermy@webnode.com
828,Morey,Philipeau,mphilipeaumz@tuttocitta.it
829,Georgina,Corsar,gcorsarn0@jigsy.com
830,Merilee,Pyzer,mpyzern1@edublogs.org
831,Krishnah,Strettle,kstrettlen2@jiathis.com
832,Amalea,Dobing,adobingn3@epa.gov
833,Derick,Breston,dbrestonn4@ft.com
834,Jo ann,Sarton,jsartonn5@discovery.com
835,Alf,Bonnin,abonninn6@blogspot.com
836,Lannie,Pennycook,lpennycookn7@amazon.co.uk
837,Delcina,Jocelyn,djocelynn8@angelfire.com
838,Clary,Simko,csimkon9@state.gov
839,Paulo,Fayers,pfayersna@webnode.com
840,Lukas,Rabbitts,lrabbittsnb@webnode.com
841,Barb,Lismore,blismorenc@geocities.com
842,Fania,Bowra,fbowrand@craigslist.org
843,Stirling,Blissett,sblissettne@spotify.com
844,Earlie,Reddlesden,ereddlesdennf@mozilla.com
845,Bendix,Stooders,bstoodersng@imageshack.us
846,Mychal,Guido,mguidonh@topsy.com
847,Sauncho,Osborne,sosborneni@slashdot.org
848,Blondie,Chazotte,bchazottenj@toplist.cz
849,Malchy,Carrel,mcarrelnk@uiuc.edu
850,Zabrina,Middlebrook,zmiddlebrooknl@cdbaby.com
851,Querida,Rowena,qrowenanm@blog.com
852,Charlotta,Booton,cbootonnn@reference.com
853,Dew,Ensley,densleyno@tripod.com
854,Chaunce,Aime,caimenp@va.gov
855,Hailee,Desforges,hdesforgesnq@blogs.com
856,Tirrell,Mitchiner,tmitchinernr@wsj.com
857,Channa,Cussen,ccussenns@goo.gl
858,Nicolas,Carlozzi,ncarlozzint@economist.com
859,Olympie,McGennis,omcgennisnu@state.gov
860,Inna,Lawless,ilawlessnv@mac.com
861,Neddy,Richley,nrichleynw@woothemes.com
862,Candace,Goody,cgoodynx@topsy.com
863,Shepherd,Diwell,sdiwellny@samsung.com
864,Stevy,Waber,swabernz@columbia.edu
865,Carlota,Goward,cgowardo0@java.com
866,Melodie,Scapelhorn,mscapelhorno1@stumbleupon.com
867,Aloisia,Dumphrey,adumphreyo2@parallels.com
868,De,Jumonet,djumoneto3@purevolume.com
869,Sharline,Bento,sbentoo4@intel.com
870,Welch,Eshmade,weshmadeo5@yale.edu
871,Konrad,Brandel,kbrandelo6@blogs.com
872,Jania,Chalfain,jchalfaino7@state.gov
873,Maisey,Estoile,mestoileo8@friendfeed.com
874,Celestyna,Stronach,cstronacho9@google.fr
875,Brianne,Olensby,bolensbyoa@census.gov
876,Dayna,Spensley,dspensleyob@ocn.ne.jp
877,Taffy,Bushby,tbushbyoc@economist.com
878,Silvia,Finney,sfinneyod@netscape.com
879,Maximo,Kieff,mkieffoe@intel.com
880,Franny,Rockliffe,frockliffeof@va.gov
881,Marysa,Kaindl,mkaindlog@live.com
882,Carina,Eschelle,ceschelleoh@hatena.ne.jp
883,Silvano,Dikles,sdiklesoi@github.io
884,Huntington,Bras,hbrasoj@nsw.gov.au
885,Tyler,Greensmith,tgreensmithok@friendfeed.com
886,Agnella,Hutfield,ahutfieldol@myspace.com
887,Pierette,Caesmans,pcaesmansom@amazon.co.uk
888,Ami,Sidebottom,asidebottomon@gmpg.org
889,Rozanne,Tinsley,rtinsleyoo@jalbum.net
890,Marten,Trenoweth,mtrenowethop@gnu.org
891,Karlan,Klesel,kkleseloq@ftc.gov
892,Emogene,Baldelli,ebaldellior@mapy.cz
893,Fields,Plumb,fplumbos@bloglovin.com
894,Claudelle,Mease,cmeaseot@mac.com
895,Rosette,Jervis,rjervisou@skyrock.com
896,Taryn,Perrelli,tperrelliov@ucsd.edu
897,Morly,Bradock,mbradockow@house.gov
898,Antonie,Carlile,acarlileox@php.net
899,Louella,Eastgate,leastgateoy@kickstarter.com
900,Pavlov,Tillard,ptillardoz@upenn.edu
901,Ivar,Lowdyane,ilowdyanep0@chicagotribune.com
902,Edy,Brant,ebrantp1@dmoz.org
903,Derron,Grzeszczak,dgrzeszczakp2@acquirethisname.com
904,Gwenore,Coniff,gconiffp3@themeforest.net
905,Averil,Colson,acolsonp4@dedecms.com
906,Gerhardine,Swindells,gswindellsp5@fastcompany.com
907,Grayce,Sloss,gslossp6@mlb.com
908,Had,Saffe,hsaffep7@w3.org
909,Seana,Niche,snichep8@shinystat.com
910,Viva,Eastop,veastopp9@themeforest.net
911,Malvin,Chstney,mchstneypa@dyndns.org
912,Giuseppe,Northbridge,gnorthbridgepb@ucoz.com
913,Tawnya,Kitcatt,tkitcattpc@adobe.com
914,Zachariah,Massot,zmassotpd@china.com.cn
915,Corby,Keigher,ckeigherpe@mayoclinic.com
916,Avictor,Andreazzi,aandreazzipf@gov.uk
917,Angie,Strahan,astrahanpg@naver.com
918,Brit,Diggell,bdiggellph@ebay.co.uk
919,Sebastien,Ropert,sropertpi@ca.gov
920,Rolando,Dewdney,rdewdneypj@dyndns.org
921,Lindsay,Incogna,lincognapk@360.cn
922,Job,Deane,jdeanepl@ycombinator.com
923,Lissy,McAnellye,lmcanellyepm@creativecommons.org
924,Robin,Worsham,rworshampn@washingtonpost.com
925,Fernande,Lealle,fleallepo@ed.gov
926,Julina,Pitherick,jpitherickpp@icio.us
927,Humfrey,Jerrold,hjerroldpq@sogou.com
928,Nerta,Barnewelle,nbarnewellepr@google.co.uk
929,Katha,Carey,kcareyps@techcrunch.com
930,Locke,McClinton,lmcclintonpt@yellowpages.com
931,Daryl,Rosenzwig,drosenzwigpu@vistaprint.com
932,Land,Antoniak,lantoniakpv@bloglovin.com
933,Al,Wellan,awellanpw@uol.com.br
934,Lucas,Ivashinnikov,livashinnikovpx@studiopress.com
935,Pier,Harpham,pharphampy@patch.com
936,Abelard,Bartoszewski,abartoszewskipz@unicef.org
937,Frederica,Lerwill,flerwillq0@howstuffworks.com
938,Wilek,Walne,wwalneq1@tuttocitta.it
939,Michel,Longhorne,mlonghorneq2@blinklist.com
940,Pammi,Halpin,phalpinq3@fda.gov
941,Vivianne,Detoc,vdetocq4@mysql.com
942,Devin,Dunnett,ddunnettq5@fda.gov
943,Almira,Eliyahu,aeliyahuq6@soup.io
944,Ottilie,Bulfoy,obulfoyq7@arizona.edu
945,Konrad,Somerville,ksomervilleq8@washingtonpost.com
946,Toinette,Richards,trichardsq9@ted.com
947,Sandie,Markham,smarkhamqa@ihg.com
948,Phyllida,Stansall,pstansallqb@plala.or.jp
949,Sanford,Le Grice,slegriceqc@fastcompany.com
950,Hewet,Formigli,hformigliqd@unesco.org
951,Hyacinth,Kibbye,hkibbyeqe@ca.gov
952,Monte,Urch,murchqf@networkadvertising.org
953,Maxie,Guilleton,mguilletonqg@baidu.com
954,Ashley,Valenta,avalentaqh@sourceforge.net
955,Valry,Crocombe,vcrocombeqi@tripadvisor.com
956,Tull,Loncaster,tloncasterqj@merriam-webster.com
957,Welsh,Labden,wlabdenqk@google.es
958,Camille,Husthwaite,chusthwaiteql@twitpic.com
959,Yancey,Thecham,ythechamqm@walmart.com
960,Diann,Bonehill,dbonehillqn@google.com.hk
961,Ronalda,Doumer,rdoumerqo@oracle.com
962,Jared,Carlin,jcarlinqp@youtube.com
963,Norman,Draysay,ndraysayqq@gnu.org
964,Evelyn,Slamaker,eslamakerqr@studiopress.com
965,Currey,Strowan,cstrowanqs@statcounter.com
966,Brigit,Warren,bwarrenqt@sakura.ne.jp
967,Louella,Boustead,lbousteadqu@forbes.com
968,Ruperto,Carleton,rcarletonqv@4shared.com
969,Marianna,Clavey,mclaveyqw@si.edu
970,Neal,Demageard,ndemageardqx@wikia.com
971,Kahaleel,Marling,kmarlingqy@lycos.com
972,Brocky,Oxenbury,boxenburyqz@bandcamp.com
973,Bryon,Duferie,bduferier0@bizjournals.com
974,Georgianne,Chelley,gchelleyr1@yandex.ru
975,Jackie,Rayhill,jrayhillr2@answers.com
976,Axel,Downing,adowningr3@linkedin.com
977,Tannie,Vanini,tvaninir4@tmall.com
978,Adelle,McGrann,amcgrannr5@is.gd
979,Klemens,Hanne,khanner6@list-manage.com
980,Phylis,Harman,pharmanr7@tamu.edu
981,Cyndia,Forbes,cforbesr8@surveymonkey.com
982,Xavier,Weine,xweiner9@g.co
983,Leticia,Dockrell,ldockrellra@nyu.edu
984,Rock,Rubi,rrubirb@cbsnews.com
985,Esma,Llewellen,ellewellenrc@etsy.com
986,Alison,Regina,areginard@icq.com
987,Mahalia,Blurton,mblurtonre@etsy.com
988,Monroe,Bushell,mbushellrf@wikipedia.org
989,Jayme,Stanbridge,jstanbridgerg@mtv.com
990,Patsy,Jennens,pjennensrh@stumbleupon.com
991,Ronny,O'Duilleain,roduilleainri@cafepress.com
992,Elberta,Birchill,ebirchillrj@facebook.com
993,Alie,Itzchaki,aitzchakirk@over-blog.com
994,Bogart,Barchrameev,bbarchrameevrl@soup.io
995,Hi,Stouther,hstoutherrm@patch.com
996,Blondy,Whilder,bwhilderrn@umich.edu
997,Desiri,Coard,dcoardro@bbc.co.uk
998,Bellanca,Tommen,btommenrp@exblog.jp
999,Rhetta,Lilbourne,rlilbournerq@narod.ru
1000,Andrej,Renison,arenisonrr@icio.us
